{"perpetrator": [[-1, "*"], [0, "perpetrator id"], [0, "people id"], [0, "date"], [0, "year"], [0, "location"], [0, "country"], [0, "killed"], [0, "injured"], [1, "people id"], [1, "name"], [1, "height"], [1, "weight"], [1, "home town"]], "college_2": [[-1, "*"], [0, "building"], [0, "room number"], [0, "capacity"], [1, "department name"], [1, "building"], [1, "budget"], [2, "course id"], [2, "title"], [2, "department name"], [2, "credits"], [3, "id"], [3, "name"], [3, "department name"], [3, "salary"], [4, "course id"], [4, "section id"], [4, "semester"], [4, "year"], [4, "building"], [4, "room number"], [4, "time slot id"], [5, "id"], [5, "course id"], [5, "section id"], [5, "semester"], [5, "year"], [6, "id"], [6, "name"], [6, "department name"], [6, "total credits"], [7, "id"], [7, "course id"], [7, "section id"], [7, "semester"], [7, "year"], [7, "grade"], [8, "student id"], [8, "instructor id"], [9, "time slot id"], [9, "day"], [9, "start hour"], [9, "start minute"], [9, "end hour"], [9, "end minute"], [10, "course id"], [10, "prerequisite id"]], "flight_company": [[-1, "*"], [0, "id"], [0, "city"], [0, "country"], [0, "iata"], [0, "icao"], [0, "name"], [1, "id"], [1, "name"], [1, "type"], [1, "principal activities"], [1, "incorporated in"], [1, "group equity shareholding"], [2, "id"], [2, "vehicle flight number"], [2, "date"], [2, "pilot"], [2, "velocity"], [2, "altitude"], [2, "airport id"], [2, "company id"]], "icfp_1": [[-1, "*"], [0, "institution id"], [0, "name"], [0, "country"], [1, "author id"], [1, "last name"], [1, "first name"], [2, "paper id"], [2, "title"], [3, "author id"], [3, "institution id"], [3, "paper id"], [3, "author count"]], "body_builder": [[-1, "*"], [0, "body builder id"], [0, "people id"], [0, "snatch"], [0, "clean jerk"], [0, "total"], [1, "people id"], [1, "name"], [1, "height"], [1, "weight"], [1, "birth date"], [1, "birth place"]], "storm_record": [[-1, "*"], [0, "storm id"], [0, "name"], [0, "dates active"], [0, "max speed"], [0, "damage millions usd"], [0, "number deaths"], [1, "region id"], [1, "region code"], [1, "region name"], [2, "region id"], [2, "storm id"], [2, "number city affected"]], "pilot_record": [[-1, "*"], [0, "aircraft id"], [0, "order year"], [0, "manufacturer"], [0, "model"], [0, "fleet series"], [0, "powertrain"], [0, "fuel propulsion"], [1, "pilot id"], [1, "pilot name"], [1, "rank"], [1, "age"], [1, "nationality"], [1, "position"], [1, "join year"], [1, "team"], [2, "record id"], [2, "pilot id"], [2, "aircraft id"], [2, "date"]], "race_track": [[-1, "*"], [0, "race id"], [0, "name"], [0, "class"], [0, "date"], [0, "track id"], [1, "track id"], [1, "name"], [1, "location"], [1, "seating"], [1, "year opened"]], "academic": [[-1, "*"], [0, "aid"], [0, "homepage"], [0, "name"], [0, "oid"], [1, "cid"], [1, "homepage"], [1, "name"], [2, "did"], [2, "name"], [3, "aid"], [3, "did"], [4, "cid"], [4, "did"], [5, "homepage"], [5, "jid"], [5, "name"], [6, "did"], [6, "jid"], [7, "keyword"], [7, "kid"], [8, "did"], [8, "kid"], [9, "abstract"], [9, "cid"], [9, "citation num"], [9, "jid"], [9, "pid"], [9, "reference num"], [9, "title"], [9, "year"], [10, "did"], [10, "pid"], [11, "continent"], [11, "homepage"], [11, "name"], [11, "oid"], [12, "pid"], [12, "kid"], [13, "aid"], [13, "pid"], [14, "cited"], [14, "citing"]], "department_store": [[-1, "*"], [0, "address id"], [0, "address details"], [1, "staff id"], [1, "staff gender"], [1, "staff name"], [2, "supplier id"], [2, "supplier name"], [2, "supplier phone"], [3, "department store chain id"], [3, "department store chain name"], [4, "customer id"], [4, "payment method code"], [4, "customer code"], [4, "customer name"], [4, "customer address"], [4, "customer phone"], [4, "customer email"], [5, "product id"], [5, "product type code"], [5, "product name"], [5, "product price"], [6, "supplier id"], [6, "address id"], [6, "date from"], [6, "date to"], [7, "customer id"], [7, "address id"], [7, "date from"], [7, "date to"], [8, "order id"], [8, "customer id"], [8, "order status code"], [8, "order date"], [9, "department store id"], [9, "department store chain id"], [9, "store name"], [9, "store address"], [9, "store phone"], [9, "store email"], [10, "department id"], [10, "department store id"], [10, "department name"], [11, "order item id"], [11, "order id"], [11, "product id"], [12, "product id"], [12, "supplier id"], [12, "date supplied from"], [12, "date supplied to"], [12, "total amount purchased"], [12, "total value purchased"], [13, "staff id"], [13, "department id"], [13, "date assigned from"], [13, "job title code"], [13, "date assigned to"]], "music_4": [[-1, "*"], [0, "artist id"], [0, "artist"], [0, "age"], [0, "famous title"], [0, "famous release date"], [1, "volume id"], [1, "volume issue"], [1, "issue date"], [1, "weeks on top"], [1, "song"], [1, "artist id"], [2, "id"], [2, "music festival"], [2, "date of ceremony"], [2, "category"], [2, "volume"], [2, "result"]], "insurance_fnol": [[-1, "*"], [0, "customer id"], [0, "customer name"], [1, "service id"], [1, "service name"], [2, "policy id"], [2, "policy type code"], [2, "customer phone"], [3, "customer id"], [3, "policy id"], [3, "date opened"], [3, "date closed"], [4, "fnol id"], [4, "customer id"], [4, "policy id"], [4, "service id"], [5, "claim id"], [5, "fnol id"], [5, "effective date"], [6, "settlement id"], [6, "claim id"], [6, "effective date"], [6, "settlement amount"]], "cinema": [[-1, "*"], [0, "film id"], [0, "rank in series"], [0, "number in season"], [0, "title"], [0, "directed by"], [0, "original air date"], [0, "production code"], [1, "cinema id"], [1, "name"], [1, "openning year"], [1, "capacity"], [1, "location"], [2, "cinema id"], [2, "film id"], [2, "date"], [2, "show times per day"], [2, "price"]], "decoration_competition": [[-1, "*"], [0, "college id"], [0, "name"], [0, "leader name"], [0, "college location"], [1, "member id"], [1, "name"], [1, "country"], [1, "college id"], [2, "round id"], [2, "member id"], [2, "decoration theme"], [2, "rank in round"]], "phone_market": [[-1, "*"], [0, "name"], [0, "phone id"], [0, "memory in g"], [0, "carrier"], [0, "price"], [1, "market id"], [1, "district"], [1, "num of employees"], [1, "num of shops"], [1, "ranking"], [2, "market id"], [2, "phone id"], [2, "num of stock"]], "store_product": [[-1, "*"], [0, "product id"], [0, "product"], [0, "dimensions"], [0, "dpi"], [0, "pages per minute color"], [0, "max page size"], [0, "interface"], [1, "store id"], [1, "store name"], [1, "type"], [1, "area size"], [1, "number of product category"], [1, "ranking"], [2, "district id"], [2, "district name"], [2, "headquartered city"], [2, "city population"], [2, "city area"], [3, "store id"], [3, "product id"], [4, "store id"], [4, "district id"]], "assets_maintenance": [[-1, "*"], [0, "company id"], [0, "company type"], [0, "company name"], [0, "company address"], [0, "other company details"], [1, "maintenance contract id"], [1, "maintenance contract company id"], [1, "contract start date"], [1, "contract end date"], [1, "other contract details"], [2, "part id"], [2, "part name"], [2, "chargeable yn"], [2, "chargeable amount"], [2, "other part details"], [3, "skill id"], [3, "skill code"], [3, "skill description"], [4, "staff id"], [4, "staff name"], [4, "gender"], [4, "other staff details"], [5, "asset id"], [5, "maintenance contract id"], [5, "supplier company id"], [5, "asset details"], [5, "asset make"], [5, "asset model"], [5, "asset acquired date"], [5, "asset disposed date"], [5, "other asset details"], [6, "asset id"], [6, "part id"], [7, "engineer id"], [7, "company id"], [7, "first name"], [7, "last name"], [7, "other details"], [8, "engineer id"], [8, "skill id"], [9, "fault log entry id"], [9, "asset id"], [9, "recorded by staff id"], [9, "fault log entry datetime"], [9, "fault description"], [9, "other fault details"], [10, "engineer visit id"], [10, "contact staff id"], [10, "engineer id"], [10, "fault log entry id"], [10, "fault status"], [10, "visit start datetime"], [10, "visit end datetime"], [10, "other visit details"], [11, "part fault id"], [11, "part id"], [11, "fault short name"], [11, "fault description"], [11, "other fault details"], [12, "fault log entry id"], [12, "part fault id"], [12, "fault status"], [13, "part fault id"], [13, "skill id"]], "student_assessment": [[-1, "*"], [0, "address id"], [0, "line 1"], [0, "line 2"], [0, "city"], [0, "zip postcode"], [0, "state province county"], [0, "country"], [1, "person id"], [1, "first name"], [1, "middle name"], [1, "last name"], [1, "cell mobile number"], [1, "email address"], [1, "login name"], [1, "password"], [2, "student id"], [2, "student details"], [3, "course id"], [3, "course name"], [3, "course description"], [3, "other details"], [4, "person address id"], [4, "person id"], [4, "address id"], [4, "date from"], [4, "date to"], [5, "student id"], [5, "course id"], [5, "registration date"], [6, "student id"], [6, "course id"], [6, "date of attendance"], [7, "candidate id"], [7, "candidate details"], [8, "candidate id"], [8, "qualification"], [8, "assessment date"], [8, "asessment outcome code"]], "dog_kennels": [[-1, "*"], [0, "breed code"], [0, "breed name"], [1, "charge id"], [1, "charge type"], [1, "charge amount"], [2, "size code"], [2, "size description"], [3, "treatment type code"], [3, "treatment type description"], [4, "owner id"], [4, "first name"], [4, "last name"], [4, "street"], [4, "city"], [4, "state"], [4, "zip code"], [4, "email address"], [4, "home phone"], [4, "cell number"], [5, "dog id"], [5, "owner id"], [5, "abandoned yes or no"], [5, "breed code"], [5, "size code"], [5, "name"], [5, "age"], [5, "date of birth"], [5, "gender"], [5, "weight"], [5, "date arrived"], [5, "date adopted"], [5, "date departed"], [6, "professional id"], [6, "role code"], [6, "first name"], [6, "street"], [6, "city"], [6, "state"], [6, "zip code"], [6, "last name"], [6, "email address"], [6, "home phone"], [6, "cell number"], [7, "treatment id"], [7, "dog id"], [7, "professional id"], [7, "treatment type code"], [7, "date of treatment"], [7, "cost of treatment"]], "music_1": [[-1, "*"], [0, "genre name"], [0, "rating"], [0, "most popular in"], [1, "artist name"], [1, "country"], [1, "gender"], [1, "preferred genre"], [2, "song id"], [2, "artist name"], [2, "file size"], [2, "duration"], [2, "formats"], [3, "song name"], [3, "artist name"], [3, "country"], [3, "song id"], [3, "genre is"], [3, "rating"], [3, "languages"], [3, "releasedate"], [3, "resolution"]], "company_employee": [[-1, "*"], [0, "people id"], [0, "age"], [0, "name"], [0, "nationality"], [0, "graduation college"], [1, "company id"], [1, "name"], [1, "headquarters"], [1, "industry"], [1, "sales in billion"], [1, "profits in billion"], [1, "assets in billion"], [1, "market value in billion"], [2, "company id"], [2, "people id"], [2, "year working"]], "farm": [[-1, "*"], [0, "city id"], [0, "official name"], [0, "status"], [0, "area km 2"], [0, "population"], [0, "census ranking"], [1, "farm id"], [1, "year"], [1, "total horses"], [1, "working horses"], [1, "total cattle"], [1, "oxen"], [1, "bulls"], [1, "cows"], [1, "pigs"], [1, "sheep and goats"], [2, "competition id"], [2, "year"], [2, "theme"], [2, "host city id"], [2, "hosts"], [3, "competition id"], [3, "farm id"], [3, "rank"]], "solvency_ii": [[-1, "*"], [0, "address id"], [0, "address details"], [1, "location id"], [1, "other details"], [2, "product id"], [2, "product type code"], [2, "product name"], [2, "product price"], [3, "party id"], [3, "party details"], [4, "asset id"], [4, "other details"], [5, "channel id"], [5, "other details"], [6, "finance id"], [6, "other details"], [7, "event id"], [7, "address id"], [7, "channel id"], [7, "event type code"], [7, "finance id"], [7, "location id"], [8, "product in event id"], [8, "event id"], [8, "product id"], [9, "party id"], [9, "event id"], [9, "role code"], [10, "document id"], [10, "event id"], [11, "asset id"], [11, "event id"]], "city_record": [[-1, "*"], [0, "city id"], [0, "city"], [0, "hanzi"], [0, "hanyu pinyin"], [0, "regional population"], [0, "gdp"], [1, "match id"], [1, "date"], [1, "venue"], [1, "score"], [1, "result"], [1, "competition"], [2, "city id"], [2, "jan"], [2, "feb"], [2, "mar"], [2, "apr"], [2, "jun"], [2, "jul"], [2, "aug"], [2, "sep"], [2, "oct"], [2, "nov"], [2, "dec"], [3, "year"], [3, "match id"], [3, "host city"]], "swimming": [[-1, "*"], [0, "id"], [0, "name"], [0, "nationality"], [0, "meter 100"], [0, "meter 200"], [0, "meter 300"], [0, "meter 400"], [0, "meter 500"], [0, "meter 600"], [0, "meter 700"], [0, "time"], [1, "id"], [1, "name"], [1, "capacity"], [1, "city"], [1, "country"], [1, "opening year"], [2, "id"], [2, "name"], [2, "stadium id"], [2, "year"], [3, "id"], [3, "result"], [3, "swimmer id"], [3, "event id"]], "flight_2": [[-1, "*"], [0, "airline id"], [0, "airline name"], [0, "abbreviation"], [0, "country"], [1, "city"], [1, "airport code"], [1, "airport name"], [1, "country"], [1, "country abbrev"], [2, "airline"], [2, "flight number"], [2, "source airport"], [2, "destination airport"]], "election": [[-1, "*"], [0, "county id"], [0, "county name"], [0, "population"], [0, "zip code"], [1, "party id"], [1, "year"], [1, "party"], [1, "governor"], [1, "lieutenant governor"], [1, "comptroller"], [1, "attorney general"], [1, "us senate"], [2, "election id"], [2, "counties represented"], [2, "district"], [2, "delegate"], [2, "party"], [2, "first elected"], [2, "committee"]], "manufactory_1": [[-1, "*"], [0, "code"], [0, "name"], [0, "headquarter"], [0, "founder"], [0, "revenue"], [1, "code"], [1, "name"], [1, "price"], [1, "manufacturer"]], "debate": [[-1, "*"], [0, "people id"], [0, "district"], [0, "name"], [0, "party"], [0, "age"], [1, "debate id"], [1, "date"], [1, "venue"], [1, "num of audience"], [2, "debate id"], [2, "affirmative"], [2, "negative"], [2, "if affirmative win"]], "network_2": [[-1, "*"], [0, "name"], [0, "age"], [0, "city"], [0, "gender"], [0, "job"], [1, "name"], [1, "friend"], [1, "year"]], "local_govt_in_alabama": [[-1, "*"], [0, "service id"], [0, "service type code"], [1, "participant id"], [1, "participant type code"], [1, "participant details"], [2, "event id"], [2, "service id"], [2, "event details"], [3, "event id"], [3, "participant id"]], "climbing": [[-1, "*"], [0, "mountain id"], [0, "name"], [0, "height"], [0, "prominence"], [0, "range"], [0, "country"], [1, "climber id"], [1, "name"], [1, "country"], [1, "time"], [1, "points"], [1, "mountain id"]], "e_learning": [[-1, "*"], [0, "author id"], [0, "author tutor atb"], [0, "login name"], [0, "password"], [0, "personal name"], [0, "middle name"], [0, "family name"], [0, "gender mf"], [0, "address line 1"], [1, "student id"], [1, "date of registration"], [1, "date of latest logon"], [1, "login name"], [1, "password"], [1, "personal name"], [1, "middle name"], [1, "family name"], [2, "subject id"], [2, "subject name"], [3, "course id"], [3, "author id"], [3, "subject id"], [3, "course name"], [3, "course description"], [4, "registration id"], [4, "student id"], [4, "course id"], [4, "date of enrolment"], [4, "date of completion"], [5, "registration id"], [5, "date test taken"], [5, "test result"]], "scientist_1": [[-1, "*"], [0, "ssn"], [0, "name"], [1, "code"], [1, "name"], [1, "hours"], [2, "scientist"], [2, "project"]], "ship_1": [[-1, "*"], [0, "captain id"], [0, "name"], [0, "ship id"], [0, "age"], [0, "class"], [0, "rank"], [1, "ship id"], [1, "name"], [1, "type"], [1, "built year"], [1, "class"], [1, "flag"]], "entertainment_awards": [[-1, "*"], [0, "festival id"], [0, "festival name"], [0, "chair name"], [0, "location"], [0, "year"], [0, "num of audience"], [1, "artwork id"], [1, "type"], [1, "name"], [2, "artwork id"], [2, "festival id"], [2, "result"]], "allergy_1": [[-1, "*"], [0, "allergy name"], [0, "allergy type"], [1, "stuid"], [1, "allergy"], [2, "stuid"], [2, "last name"], [2, "first name"], [2, "age"], [2, "sex"], [2, "major"], [2, "advisor"], [2, "city code"]], "imdb": [[-1, "*"], [0, "aid"], [0, "gender"], [0, "name"], [0, "nationality"], [0, "birth city"], [0, "birth year"], [1, "id"], [1, "msid"], [1, "cid"], [2, "id"], [2, "msid"], [2, "aid"], [2, "role"], [3, "gid"], [3, "genre"], [4, "id"], [4, "msid"], [4, "gid"], [5, "id"], [5, "name"], [5, "country code"], [6, "did"], [6, "gender"], [6, "name"], [6, "nationality"], [6, "birth city"], [6, "birth year"], [7, "pid"], [7, "gender"], [7, "name"], [7, "nationality"], [7, "birth city"], [7, "birth year"], [8, "id"], [8, "msid"], [8, "did"], [9, "id"], [9, "keyword"], [10, "id"], [10, "msid"], [10, "pid"], [11, "mid"], [11, "title"], [11, "release year"], [11, "title aka"], [11, "budget"], [12, "id"], [12, "msid"], [12, "kid"], [13, "sid"], [13, "title"], [13, "release year"], [13, "num of seasons"], [13, "num of episodes"], [13, "title aka"], [13, "budget"], [14, "wid"], [14, "gender"], [14, "name"], [14, "nationality"], [14, "num of episodes"], [14, "birth city"], [14, "birth year"], [15, "id"], [15, "msid"], [15, "wid"]], "products_for_hire": [[-1, "*"], [0, "coupon id"], [0, "date issued"], [0, "coupon amount"], [1, "customer id"], [1, "coupon id"], [1, "good or bad customer"], [1, "first name"], [1, "last name"], [1, "gender"], [1, "date became customer"], [1, "date last hire"], [2, "booking id"], [2, "customer id"], [2, "booking status code"], [2, "returned damaged yes or no"], [2, "booking start date"], [2, "booking end date"], [2, "count hired"], [2, "amount payable"], [2, "amount of discount"], [2, "amount outstanding"], [2, "amount of refund"], [3, "product id"], [3, "product type code"], [3, "daily hire cost"], [3, "product name"], [3, "product description"], [4, "payment id"], [4, "booking id"], [4, "customer id"], [4, "payment type code"], [4, "amount paid in full yn"], [4, "payment date"], [4, "amount due"], [4, "amount paid"], [5, "booking id"], [5, "product id"], [5, "returned yes or no"], [5, "returned late yes or no"], [5, "booked count"], [5, "booked amount"], [6, "product id"], [6, "booking id"], [6, "status date"], [6, "available yes or no"]], "candidate_poll": [[-1, "*"], [0, "candidate id"], [0, "people id"], [0, "poll source"], [0, "date"], [0, "support rate"], [0, "consider rate"], [0, "oppose rate"], [0, "unsure rate"], [1, "people id"], [1, "sex"], [1, "name"], [1, "date of birth"], [1, "height"], [1, "weight"]], "chinook_1": [[-1, "*"], [0, "album id"], [0, "title"], [0, "artist id"], [1, "artist id"], [1, "name"], [2, "customer id"], [2, "first name"], [2, "last name"], [2, "company"], [2, "address"], [2, "city"], [2, "state"], [2, "country"], [2, "postal code"], [2, "phone"], [2, "fax"], [2, "email"], [2, "support representative id"], [3, "employee id"], [3, "last name"], [3, "first name"], [3, "title"], [3, "reports to"], [3, "birth date"], [3, "hire date"], [3, "address"], [3, "city"], [3, "state"], [3, "country"], [3, "postal code"], [3, "phone"], [3, "fax"], [3, "email"], [4, "genre id"], [4, "name"], [5, "invoice id"], [5, "customer id"], [5, "invoice date"], [5, "billing address"], [5, "billing city"], [5, "billing state"], [5, "billing country"], [5, "billing postal code"], [5, "total"], [6, "invoice line id"], [6, "invoice id"], [6, "track id"], [6, "unit price"], [6, "quantity"], [7, "media type id"], [7, "name"], [8, "play list id"], [8, "name"], [9, "play list id"], [9, "track id"], [10, "track id"], [10, "name"], [10, "album id"], [10, "media type id"], [10, "genre id"], [10, "composer"], [10, "milliseconds"], [10, "bytes"], [10, "unit price"]], "flight_4": [[-1, "*"], [0, "route id"], [0, "destination airport id"], [0, "destination airport"], [0, "source airport id"], [0, "source airport"], [0, "airline id"], [0, "airline"], [0, "code share"], [1, "airport id"], [1, "name"], [1, "city"], [1, "country"], [1, "x"], [1, "y"], [1, "elevation"], [1, "iata"], [1, "icao"], [2, "airline id"], [2, "name"], [2, "iata"], [2, "icao"], [2, "call sign"], [2, "country"], [2, "active"]], "pets_1": [[-1, "*"], [0, "student id"], [0, "last name"], [0, "first name"], [0, "age"], [0, "sex"], [0, "major"], [0, "advisor"], [0, "city code"], [1, "student id"], [1, "pet id"], [2, "pet id"], [2, "pet type"], [2, "pet age"], [2, "weight"]], "dorm_1": [[-1, "*"], [0, "student id"], [0, "last name"], [0, "first name"], [0, "age"], [0, "sex"], [0, "major"], [0, "advisor"], [0, "city code"], [1, "dorm id"], [1, "dorm name"], [1, "student capacity"], [1, "gender"], [2, "amenity id"], [2, "amenity name"], [3, "dorm id"], [3, "amenity id"], [4, "student id"], [4, "dorm id"], [4, "room number"]], "journal_committee": [[-1, "*"], [0, "journal id"], [0, "date"], [0, "theme"], [0, "sales"], [1, "editor id"], [1, "name"], [1, "age"], [2, "editor id"], [2, "journal id"], [2, "work type"]], "flight_1": [[-1, "*"], [0, "flight number"], [0, "origin"], [0, "destination"], [0, "distance"], [0, "departure date"], [0, "arrival date"], [0, "price"], [0, "airline id"], [1, "airline id"], [1, "name"], [1, "distance"], [2, "employee id"], [2, "name"], [2, "salary"], [3, "employee id"], [3, "airline id"]], "medicine_enzyme_interaction": [[-1, "*"], [0, "id"], [0, "name"], [0, "trade name"], [0, "fda approved"], [1, "id"], [1, "name"], [1, "location"], [1, "product"], [1, "chromosome"], [1, "omim"], [1, "porphyria"], [2, "enzyme id"], [2, "medicine id"], [2, "interaction type"]], "local_govt_and_lot": [[-1, "*"], [0, "customer id"], [0, "customer details"], [1, "property id"], [1, "property type code"], [1, "property address"], [1, "other details"], [2, "resident id"], [2, "property id"], [2, "date moved in"], [2, "date moved out"], [2, "other details"], [3, "organization id"], [3, "parent organization id"], [3, "organization details"], [4, "service id"], [4, "organization id"], [4, "service type code"], [4, "service details"], [5, "resident id"], [5, "service id"], [5, "date moved in"], [5, "property id"], [5, "date requested"], [5, "date provided"], [5, "other details"], [6, "thing id"], [6, "organization id"], [6, "type of thing code"], [6, "service type code"], [6, "service details"], [7, "customer event id"], [7, "customer id"], [7, "date moved in"], [7, "property id"], [7, "resident id"], [7, "thing id"], [8, "customer event note id"], [8, "customer event id"], [8, "service type code"], [8, "resident id"], [8, "property id"], [8, "date moved in"], [9, "thing id"], [9, "date and date"], [9, "status of thing code"], [10, "thing id"], [10, "date and time"], [10, "location code"]], "station_weather": [[-1, "*"], [0, "id"], [0, "train number"], [0, "name"], [0, "origin"], [0, "destination"], [0, "time"], [0, "interval"], [1, "id"], [1, "network name"], [1, "services"], [1, "local authority"], [2, "train id"], [2, "station id"], [3, "station id"], [3, "day of week"], [3, "high temperature"], [3, "low temperature"], [3, "precipitation"], [3, "wind speed mph"]], "shop_membership": [[-1, "*"], [0, "member id"], [0, "card number"], [0, "name"], [0, "hometown"], [0, "level"], [1, "branch id"], [1, "name"], [1, "open year"], [1, "address road"], [1, "city"], [1, "membership amount"], [2, "member id"], [2, "branch id"], [2, "register year"], [3, "member id"], [3, "branch id"], [3, "year"], [3, "total pounds"]], "driving_school": [[-1, "*"], [0, "address id"], [0, "line 1 number building"], [0, "city"], [0, "zip postcode"], [0, "state province county"], [0, "country"], [1, "staff id"], [1, "staff address id"], [1, "nickname"], [1, "first name"], [1, "middle name"], [1, "last name"], [1, "date of birth"], [1, "date joined staff"], [1, "date left staff"], [2, "vehicle id"], [2, "vehicle details"], [3, "customer id"], [3, "customer address id"], [3, "customer status code"], [3, "date became customer"], [3, "date of birth"], [3, "first name"], [3, "last name"], [3, "amount outstanding"], [3, "email address"], [3, "phone number"], [3, "cell mobile phone number"], [4, "customer id"], [4, "datetime payment"], [4, "payment method code"], [4, "amount payment"], [5, "lesson id"], [5, "customer id"], [5, "lesson status code"], [5, "staff id"], [5, "vehicle id"], [5, "lesson date"], [5, "lesson time"], [5, "price"]], "concert_singer": [[-1, "*"], [0, "stadium id"], [0, "location"], [0, "name"], [0, "capacity"], [0, "highest"], [0, "lowest"], [0, "average"], [1, "singer id"], [1, "name"], [1, "country"], [1, "song name"], [1, "song release year"], [1, "age"], [1, "is male"], [2, "concert id"], [2, "concert name"], [2, "theme"], [2, "stadium id"], [2, "year"], [3, "concert id"], [3, "singer id"]], "music_2": [[-1, "*"], [0, "song id"], [0, "title"], [1, "aid"], [1, "title"], [1, "year"], [1, "label"], [1, "type"], [2, "id"], [2, "first name"], [2, "last name"], [3, "song id"], [3, "bandmate id"], [3, "instrument"], [4, "song id"], [4, "bandmate"], [4, "stage position"], [5, "album id"], [5, "position"], [5, "song id"], [6, "song id"], [6, "bandmate"], [6, "type"]], "sports_competition": [[-1, "*"], [0, "club id"], [0, "name"], [0, "region"], [0, "start year"], [1, "rank"], [1, "club id"], [1, "gold"], [1, "silver"], [1, "bronze"], [1, "total"], [2, "player id"], [2, "name"], [2, "position"], [2, "club id"], [2, "apps"], [2, "tries"], [2, "goals"], [2, "points"], [3, "competition id"], [3, "year"], [3, "competition type"], [3, "country"], [4, "competition id"], [4, "club id 1"], [4, "club id 2"], [4, "score"]], "railway": [[-1, "*"], [0, "railway id"], [0, "railway"], [0, "builder"], [0, "built"], [0, "wheels"], [0, "location"], [0, "objectnumber"], [1, "train id"], [1, "train num"], [1, "name"], [1, "from"], [1, "arrival"], [1, "railway id"], [2, "manager id"], [2, "name"], [2, "country"], [2, "working year starts"], [2, "age"], [2, "level"], [3, "railway id"], [3, "manager id"], [3, "from year"]], "inn_1": [[-1, "*"], [0, "room id"], [0, "room name"], [0, "beds"], [0, "bed type"], [0, "max occupancy"], [0, "base price"], [0, "decor"], [1, "code"], [1, "room"], [1, "check in"], [1, "check out"], [1, "rate"], [1, "last name"], [1, "first name"], [1, "adults"], [1, "kids"]], "museum_visit": [[-1, "*"], [0, "museum id"], [0, "name"], [0, "num of staff"], [0, "open year"], [1, "customer id"], [1, "name"], [1, "level of membership"], [1, "age"], [2, "museum id"], [2, "customer id"], [2, "num of ticket"], [2, "total spent"]], "browser_web": [[-1, "*"], [0, "id"], [0, "name"], [0, "operating system"], [0, "client"], [0, "connection"], [1, "id"], [1, "name"], [1, "market share"], [2, "accelerator id"], [2, "browser id"], [2, "compatible since year"]], "baseball_1": [[-1, "*"], [0, "player id"], [0, "year"], [0, "game num"], [0, "game id"], [0, "team id"], [0, "league id"], [0, "gp"], [0, "starting pos"], [1, "year"], [1, "team id"], [1, "league id"], [1, "player id"], [1, "g all"], [1, "gs"], [1, "g batting"], [1, "g defense"], [1, "g p"], [1, "g c"], [1, "g 1b"], [1, "g 2b"], [1, "g 3b"], [1, "g ss"], [1, "g lf"], [1, "g cf"], [1, "g rf"], [1, "g of"], [1, "g dh"], [1, "g ph"], [1, "g pr"], [2, "player id"], [2, "award id"], [2, "year"], [2, "league id"], [2, "tie"], [2, "notes"], [3, "player id"], [3, "award id"], [3, "year"], [3, "league id"], [3, "tie"], [3, "notes"], [4, "award id"], [4, "year"], [4, "league id"], [4, "player id"], [4, "points won"], [4, "points max"], [4, "votes first"], [5, "award id"], [5, "year"], [5, "league id"], [5, "player id"], [5, "points won"], [5, "points max"], [5, "votes first"], [6, "player id"], [6, "year"], [6, "stint"], [6, "team id"], [6, "league id"], [6, "g"], [6, "ab"], [6, "r"], [6, "h"], [6, "double"], [6, "triple"], [6, "hr"], [6, "rbi"], [6, "sb"], [6, "cs"], [6, "bb"], [6, "so"], [6, "ibb"], [6, "hbp"], [6, "sh"], [6, "sf"], [6, "g idp"], [7, "year"], [7, "round"], [7, "player id"], [7, "team id"], [7, "league id"], [7, "g"], [7, "ab"], [7, "r"], [7, "h"], [7, "double"], [7, "triple"], [7, "hr"], [7, "rbi"], [7, "sb"], [7, "cs"], [7, "bb"], [7, "so"], [7, "ibb"], [7, "hbp"], [7, "sh"], [7, "sf"], [7, "g idp"], [8, "player id"], [8, "college id"], [8, "year"], [9, "player id"], [9, "year"], [9, "stint"], [9, "team id"], [9, "league id"], [9, "pos"], [9, "g"], [9, "gs"], [9, "inn outs"], [9, "po"], [9, "a"], [9, "e"], [9, "dp"], [9, "pb"], [9, "wp"], [9, "sb"], [9, "cs"], [9, "zr"], [10, "player id"], [10, "year"], [10, "stint"], [10, "glf"], [10, "gcf"], [10, "grf"], [11, "player id"], [11, "year"], [11, "team id"], [11, "league id"], [11, "round"], [11, "pos"], [11, "g"], [11, "gs"], [11, "inn outs"], [11, "po"], [11, "a"], [11, "e"], [11, "dp"], [11, "tp"], [11, "pb"], [11, "sb"], [11, "cs"], [12, "player id"], [12, "yearid"], [12, "votedby"], [12, "ballots"], [12, "needed"], [12, "votes"], [12, "inducted"], [12, "category"], [12, "needed note"], [13, "year"], [13, "league id"], [13, "team id"], [13, "park id"], [13, "span first"], [13, "span last"], [13, "games"], [13, "openings"], [13, "attendance"], [14, "player id"], [14, "year"], [14, "team id"], [14, "league id"], [14, "inseason"], [14, "g"], [14, "w"], [14, "l"], [14, "rank"], [14, "plyr mgr"], [15, "player id"], [15, "year"], [15, "team id"], [15, "league id"], [15, "inseason"], [15, "half"], [15, "g"], [15, "w"], [15, "l"], [15, "rank"], [16, "player id"], [16, "birth year"], [16, "birth month"], [16, "birth day"], [16, "birth country"], [16, "birth state"], [16, "birth city"], [16, "death year"], [16, "death month"], [16, "death day"], [16, "death country"], [16, "death state"], [16, "death city"], [16, "name first"], [16, "name last"], [16, "name given"], [16, "weight"], [16, "height"], [16, "bats"], [16, "throws"], [16, "debut"], [16, "final game"], [16, "retro id"], [16, "bbref id"], [17, "park id"], [17, "park name"], [17, "park alias"], [17, "city"], [17, "state"], [17, "country"], [18, "player id"], [18, "year"], [18, "stint"], [18, "team id"], [18, "league id"], [18, "w"], [18, "l"], [18, "g"], [18, "gs"], [18, "cg"], [18, "sho"], [18, "sv"], [18, "ipouts"], [18, "h"], [18, "er"], [18, "hr"], [18, "bb"], [18, "so"], [18, "baopp"], [18, "era"], [18, "ibb"], [18, "wp"], [18, "hbp"], [18, "bk"], [18, "bfp"], [18, "gf"], [18, "r"], [18, "sh"], [18, "sf"], [18, "g idp"], [19, "player id"], [19, "year"], [19, "round"], [19, "team id"], [19, "league id"], [19, "w"], [19, "l"], [19, "g"], [19, "gs"], [19, "cg"], [19, "sho"], [19, "sv"], [19, "ipouts"], [19, "h"], [19, "er"], [19, "hr"], [19, "bb"], [19, "so"], [19, "baopp"], [19, "era"], [19, "ibb"], [19, "wp"], [19, "hbp"], [19, "bk"], [19, "bfp"], [19, "gf"], [19, "r"], [19, "sh"], [19, "sf"], [19, "g idp"], [20, "year"], [20, "team id"], [20, "league id"], [20, "player id"], [20, "salary"], [21, "college id"], [21, "name full"], [21, "city"], [21, "state"], [21, "country"], [22, "year"], [22, "round"], [22, "team id winner"], [22, "league id winner"], [22, "team id loser"], [22, "league id loser"], [22, "wins"], [22, "losses"], [22, "ties"], [23, "year"], [23, "league id"], [23, "team id"], [23, "franchise id"], [23, "div id"], [23, "rank"], [23, "g"], [23, "ghome"], [23, "w"], [23, "l"], [23, "div win"], [23, "wc win"], [23, "lg win"], [23, "ws win"], [23, "r"], [23, "ab"], [23, "h"], [23, "double"], [23, "triple"], [23, "hr"], [23, "bb"], [23, "so"], [23, "sb"], [23, "cs"], [23, "hbp"], [23, "sf"], [23, "ra"], [23, "er"], [23, "era"], [23, "cg"], [23, "sho"], [23, "sv"], [23, "ipouts"], [23, "ha"], [23, "hra"], [23, "bba"], [23, "soa"], [23, "e"], [23, "dp"], [23, "fp"], [23, "name"], [23, "park"], [23, "attendance"], [23, "bpf"], [23, "ppf"], [23, "team id br"], [23, "team id lahman45"], [23, "team id retro"], [24, "franchise id"], [24, "franchise name"], [24, "active"], [24, "na assoc"], [25, "year"], [25, "league id"], [25, "team id"], [25, "half"], [25, "div id"], [25, "div win"], [25, "rank"], [25, "g"], [25, "w"], [25, "l"]], "architecture": [[-1, "*"], [0, "id"], [0, "name"], [0, "nationality"], [0, "gender"], [1, "architect id"], [1, "id"], [1, "name"], [1, "location"], [1, "length meters"], [1, "length feet"], [2, "architect id"], [2, "id"], [2, "location"], [2, "name"], [2, "type"], [2, "built year"], [2, "notes"]], "csu_1": [[-1, "*"], [0, "id"], [0, "campus"], [0, "location"], [0, "county"], [0, "year"], [1, "campus"], [1, "year"], [1, "campus fee"], [2, "year"], [2, "campus"], [2, "degrees"], [3, "campus"], [3, "discipline"], [3, "year"], [3, "undergraduate"], [3, "graduate"], [4, "campus"], [4, "year"], [4, "totalenrollment ay"], [4, "fte ay"], [5, "campus"], [5, "year"], [5, "faculty"]], "tracking_orders": [[-1, "*"], [0, "customer id"], [0, "customer name"], [0, "customer details"], [1, "invoice number"], [1, "invoice date"], [1, "invoice details"], [2, "order id"], [2, "customer id"], [2, "order status"], [2, "date order placed"], [2, "order details"], [3, "product id"], [3, "product name"], [3, "product details"], [4, "order item id"], [4, "product id"], [4, "order id"], [4, "order item status"], [4, "order item details"], [5, "shipment id"], [5, "order id"], [5, "invoice number"], [5, "shipment tracking number"], [5, "shipment date"], [5, "other shipment details"], [6, "shipment id"], [6, "order item id"]], "insurance_policies": [[-1, "*"], [0, "customer id"], [0, "customer details"], [1, "policy id"], [1, "customer id"], [1, "policy type code"], [1, "start date"], [1, "end date"], [2, "claim id"], [2, "policy id"], [2, "date claim made"], [2, "date claim settled"], [2, "amount claimed"], [2, "amount settled"], [3, "settlement id"], [3, "claim id"], [3, "date claim made"], [3, "date claim settled"], [3, "amount claimed"], [3, "amount settled"], [3, "customer policy id"], [4, "payment id"], [4, "settlement id"], [4, "payment method code"], [4, "date payment made"], [4, "amount payment"]], "gas_company": [[-1, "*"], [0, "company id"], [0, "rank"], [0, "company"], [0, "headquarters"], [0, "main industry"], [0, "sales billion"], [0, "profits billion"], [0, "assets billion"], [0, "market value"], [1, "station id"], [1, "open year"], [1, "location"], [1, "manager name"], [1, "vice manager name"], [1, "representative name"], [2, "station id"], [2, "company id"], [2, "rank of the year"]], "e_government": [[-1, "*"], [0, "address id"], [0, "line 1 number building"], [0, "town city"], [0, "zip postcode"], [0, "state province county"], [0, "country"], [1, "service id"], [1, "service type code"], [1, "service name"], [1, "service descriptio"], [2, "form id"], [2, "form type code"], [2, "service id"], [2, "form number"], [2, "form name"], [2, "form description"], [3, "individual id"], [3, "individual first name"], [3, "individual middle name"], [3, "inidividual phone"], [3, "individual email"], [3, "individual address"], [3, "individual last name"], [4, "organization id"], [4, "date formed"], [4, "organization name"], [4, "uk vat number"], [5, "party id"], [5, "payment method code"], [5, "party phone"], [5, "party email"], [6, "individual id"], [6, "organization id"], [6, "date contact from"], [6, "date contact to"], [7, "party id"], [7, "address id"], [7, "date address from"], [7, "address type code"], [7, "date address to"], [8, "party id"], [8, "form id"], [8, "date completion started"], [8, "form status code"], [8, "date fully completed"], [9, "booking id"], [9, "customer id"], [9, "service id"], [9, "service datetime"], [9, "booking made date"]], "school_bus": [[-1, "*"], [0, "driver id"], [0, "name"], [0, "party"], [0, "home city"], [0, "age"], [1, "school id"], [1, "grade"], [1, "school"], [1, "location"], [1, "type"], [2, "school id"], [2, "driver id"], [2, "years working"], [2, "if full time"]], "machine_repair": [[-1, "*"], [0, "repair id"], [0, "name"], [0, "launch date"], [0, "notes"], [1, "machine id"], [1, "making year"], [1, "class"], [1, "team"], [1, "machine series"], [1, "value points"], [1, "quality rank"], [2, "technician id"], [2, "name"], [2, "team"], [2, "starting year"], [2, "age"], [3, "technician id"], [3, "repair id"], [3, "machine id"]], "theme_gallery": [[-1, "*"], [0, "artist id"], [0, "name"], [0, "country"], [0, "year join"], [0, "age"], [1, "exhibition id"], [1, "year"], [1, "theme"], [1, "artist id"], [1, "ticket price"], [2, "exhibition id"], [2, "date"], [2, "attendance"]], "film_rank": [[-1, "*"], [0, "film id"], [0, "title"], [0, "studio"], [0, "director"], [0, "gross in dollar"], [1, "market id"], [1, "country"], [1, "number cities"], [2, "estimation id"], [2, "low estimate"], [2, "high estimate"], [2, "film id"], [2, "type"], [2, "market id"], [2, "year"]], "party_people": [[-1, "*"], [0, "region id"], [0, "region name"], [0, "date"], [0, "label"], [0, "format"], [0, "catalogue"], [1, "party id"], [1, "minister"], [1, "took office"], [1, "left office"], [1, "region id"], [1, "party name"], [2, "member id"], [2, "member name"], [2, "party id"], [2, "in office"], [3, "event id"], [3, "event name"], [3, "party id"], [3, "member in charge id"]], "hospital_1": [[-1, "*"], [0, "employee id"], [0, "name"], [0, "position"], [0, "ssn"], [1, "departmentid"], [1, "name"], [1, "head"], [2, "physician"], [2, "department"], [2, "primary affiliation"], [3, "code"], [3, "name"], [3, "cost"], [4, "physician"], [4, "treatment"], [4, "certification date"], [4, "certification expires"], [5, "ssn"], [5, "name"], [5, "address"], [5, "phone"], [5, "insurance id"], [5, "pcp"], [6, "employee id"], [6, "name"], [6, "position"], [6, "registered"], [6, "ssn"], [7, "appointment id"], [7, "patient"], [7, "prep nurse"], [7, "physician"], [7, "start"], [7, "end"], [7, "examination room"], [8, "code"], [8, "name"], [8, "brand"], [8, "description"], [9, "physician"], [9, "patient"], [9, "medication"], [9, "date"], [9, "appointment"], [9, "dose"], [10, "block floor"], [10, "block code"], [11, "roomnumber"], [11, "room type"], [11, "block floor"], [11, "block code"], [11, "unavailable"], [12, "nurse"], [12, "block floor"], [12, "block code"], [12, "oncall start"], [12, "oncall end"], [13, "stay id"], [13, "patient"], [13, "room"], [13, "stay start"], [13, "stay end"], [14, "patient"], [14, "procedures"], [14, "stay"], [14, "date undergoes"], [14, "physician"], [14, "assisting nurse"]], "customers_campaigns_ecommerce": [[-1, "*"], [0, "premise id"], [0, "premises type"], [0, "premise details"], [1, "product id"], [1, "product category"], [1, "product name"], [2, "customer id"], [2, "payment method"], [2, "customer name"], [2, "customer phone"], [2, "customer email"], [2, "customer address"], [2, "customer login"], [2, "customer password"], [3, "mailshot id"], [3, "product category"], [3, "mailshot name"], [3, "mailshot start date"], [3, "mailshot end date"], [4, "customer id"], [4, "premise id"], [4, "date address from"], [4, "address type code"], [4, "date address to"], [5, "order id"], [5, "customer id"], [5, "order status code"], [5, "shipping method code"], [5, "order placed datetime"], [5, "order delivered datetime"], [5, "order shipping charges"], [6, "mailshot id"], [6, "customer id"], [6, "outcome code"], [6, "mailshot customer date"], [7, "item id"], [7, "order item status code"], [7, "order id"], [7, "product id"], [7, "item status code"], [7, "item delivered datetime"], [7, "item order quantity"]], "gymnast": [[-1, "*"], [0, "gymnast id"], [0, "floor exercise points"], [0, "pommel horse points"], [0, "rings points"], [0, "vault points"], [0, "parallel bars points"], [0, "horizontal bar points"], [0, "total points"], [1, "people id"], [1, "name"], [1, "age"], [1, "height"], [1, "hometown"]], "restaurants": [[-1, "*"], [0, "city name"], [0, "county"], [0, "region"], [1, "id"], [1, "name"], [1, "food type"], [1, "city name"], [1, "rating"], [2, "restaurant id"], [2, "house number"], [2, "street name"], [2, "city name"]], "mountain_photos": [[-1, "*"], [0, "id"], [0, "name"], [0, "height"], [0, "prominence"], [0, "range"], [0, "country"], [1, "id"], [1, "brand"], [1, "name"], [1, "focal length mm"], [1, "max aperture"], [2, "id"], [2, "camera lens id"], [2, "mountain id"], [2, "color"], [2, "name"]], "battle_death": [[-1, "*"], [0, "id"], [0, "name"], [0, "date"], [0, "bulgarian commander"], [0, "latin commander"], [0, "result"], [1, "lost in battle"], [1, "id"], [1, "name"], [1, "tonnage"], [1, "ship type"], [1, "location"], [1, "disposition of ship"], [2, "caused by ship id"], [2, "id"], [2, "note"], [2, "killed"], [2, "injured"]], "cre_Doc_Control_Systems": [[-1, "*"], [0, "document type code"], [0, "document type description"], [1, "role code"], [1, "role description"], [2, "address id"], [2, "address details"], [3, "document status code"], [3, "document status description"], [4, "shipping agent code"], [4, "shipping agent name"], [4, "shipping agent description"], [5, "document id"], [5, "document status code"], [5, "document type code"], [5, "shipping agent code"], [5, "receipt date"], [5, "receipt number"], [5, "other details"], [6, "employee id"], [6, "role code"], [6, "employee name"], [6, "other details"], [7, "document id"], [7, "draft number"], [7, "draft details"], [8, "document id"], [8, "draft number"], [8, "copy number"], [9, "document id"], [9, "draft number"], [9, "copy number"], [9, "employee id"], [10, "document id"], [10, "mailed to address id"], [10, "mailing date"]], "tracking_share_transactions": [[-1, "*"], [0, "investor id"], [0, "investor details"], [1, "lot id"], [1, "investor id"], [1, "lot details"], [2, "transaction type code"], [2, "transaction type description"], [3, "transaction id"], [3, "investor id"], [3, "transaction type code"], [3, "date of transaction"], [3, "amount of transaction"], [3, "share count"], [3, "other details"], [4, "sales transaction id"], [4, "sales details"], [5, "purchase transaction id"], [5, "purchase details"], [6, "transaction id"], [6, "lot id"]], "apartment_rentals": [[-1, "*"], [0, "building id"], [0, "building short name"], [0, "building full name"], [0, "building description"], [0, "building address"], [0, "building manager"], [0, "building phone"], [1, "apartment id"], [1, "building id"], [1, "apartment type code"], [1, "apartment number"], [1, "bathroom count"], [1, "bedroom count"], [1, "room count"], [2, "apartment id"], [2, "facility code"], [3, "guest id"], [3, "gender code"], [3, "guest first name"], [3, "guest last name"], [3, "date of birth"], [4, "apartment booking id"], [4, "apartment id"], [4, "guest id"], [4, "booking status code"], [4, "booking start date"], [4, "booking end date"], [5, "apartment id"], [5, "apartment booking id"], [5, "status date"], [5, "available yes or no"]], "student_transcripts_tracking": [[-1, "*"], [0, "address id"], [0, "line 1"], [0, "line 2"], [0, "line 3"], [0, "city"], [0, "zip postcode"], [0, "state province county"], [0, "country"], [0, "other address details"], [1, "course id"], [1, "course name"], [1, "course description"], [1, "other details"], [2, "department id"], [2, "department name"], [2, "department description"], [2, "other details"], [3, "degree program id"], [3, "department id"], [3, "degree summary name"], [3, "degree summary description"], [3, "other details"], [4, "section id"], [4, "course id"], [4, "section name"], [4, "section description"], [4, "other details"], [5, "semester id"], [5, "semester name"], [5, "semester description"], [5, "other details"], [6, "student id"], [6, "current address id"], [6, "permanent address id"], [6, "first name"], [6, "middle name"], [6, "last name"], [6, "cell mobile number"], [6, "email address"], [6, "ssn"], [6, "date first registered"], [6, "date left"], [6, "other student details"], [7, "student enrolment id"], [7, "degree program id"], [7, "semester id"], [7, "student id"], [7, "other details"], [8, "student course id"], [8, "course id"], [8, "student enrolment id"], [9, "transcript id"], [9, "transcript date"], [9, "other details"], [10, "student course id"], [10, "transcript id"]], "cre_Docs_and_Epenses": [[-1, "*"], [0, "document type code"], [0, "document type name"], [0, "document type description"], [1, "budget type code"], [1, "budget type description"], [2, "project id"], [2, "project details"], [3, "document id"], [3, "document type code"], [3, "project id"], [3, "document date"], [3, "document name"], [3, "document description"], [3, "other details"], [4, "statement id"], [4, "statement details"], [5, "document id"], [5, "budget type code"], [5, "document details"], [6, "account id"], [6, "statement id"], [6, "account details"]], "ship_mission": [[-1, "*"], [0, "mission id"], [0, "ship id"], [0, "code"], [0, "launched year"], [0, "location"], [0, "speed knots"], [0, "fate"], [1, "ship id"], [1, "name"], [1, "type"], [1, "nationality"], [1, "tonnage"]], "company_office": [[-1, "*"], [0, "id"], [0, "name"], [0, "city"], [0, "height"], [0, "stories"], [0, "status"], [1, "id"], [1, "name"], [1, "headquarters"], [1, "industry"], [1, "sales billion"], [1, "profits billion"], [1, "assets billion"], [1, "market value billion"], [2, "building id"], [2, "company id"], [2, "move in year"]], "tracking_software_problems": [[-1, "*"], [0, "problem category code"], [0, "problem category description"], [1, "problem log id"], [1, "assigned to staff id"], [1, "problem id"], [1, "problem category code"], [1, "problem status code"], [1, "log entry date"], [1, "log entry description"], [1, "log entry fix"], [1, "other log details"], [2, "problem status code"], [2, "problem status description"], [3, "product id"], [3, "product name"], [3, "product details"], [4, "staff id"], [4, "staff first name"], [4, "staff last name"], [4, "other staff details"], [5, "problem id"], [5, "product id"], [5, "closure authorised by staff id"], [5, "reported by staff id"], [5, "date problem reported"], [5, "date problem closed"], [5, "problem description"], [5, "other problem details"]], "products_gen_characteristics": [[-1, "*"], [0, "characteristic type code"], [0, "characteristic type description"], [1, "color code"], [1, "color description"], [2, "product category code"], [2, "product category description"], [2, "unit of measure"], [3, "characteristic id"], [3, "characteristic type code"], [3, "characteristic data type"], [3, "characteristic name"], [3, "other characteristic details"], [4, "product id"], [4, "color code"], [4, "product category code"], [4, "product name"], [4, "typical buying price"], [4, "typical selling price"], [4, "product description"], [4, "other product details"], [5, "product id"], [5, "characteristic id"], [5, "product characteristic value"]], "coffee_shop": [[-1, "*"], [0, "shop id"], [0, "address"], [0, "num of staff"], [0, "score"], [0, "open year"], [1, "member id"], [1, "name"], [1, "membership card"], [1, "age"], [1, "time of purchase"], [1, "level of membership"], [1, "address"], [2, "hh id"], [2, "shop id"], [2, "month"], [2, "num of shaff in charge"], [3, "hh id"], [3, "member id"], [3, "total amount"]], "riding_club": [[-1, "*"], [0, "player id"], [0, "sponsor name"], [0, "player name"], [0, "gender"], [0, "residence"], [0, "occupation"], [0, "votes"], [0, "rank"], [1, "club id"], [1, "club name"], [1, "region"], [1, "start year"], [2, "coach id"], [2, "player name"], [2, "gender"], [2, "club id"], [2, "rank"], [3, "player id"], [3, "coach id"], [3, "starting year"], [4, "rank"], [4, "club id"], [4, "gold"], [4, "big silver"], [4, "small silver"], [4, "bronze"], [4, "points"]], "customers_card_transactions": [[-1, "*"], [0, "account id"], [0, "customer id"], [0, "account name"], [0, "other account details"], [1, "customer id"], [1, "customer first name"], [1, "customer last name"], [1, "customer address"], [1, "customer phone"], [1, "customer email"], [1, "other customer details"], [2, "card id"], [2, "customer id"], [2, "card type code"], [2, "card number"], [2, "date valid from"], [2, "date valid to"], [2, "other card details"], [3, "transaction id"], [3, "previous transaction id"], [3, "account id"], [3, "card id"], [3, "transaction type"], [3, "transaction date"], [3, "transaction amount"], [3, "transaction comment"], [3, "other transaction details"]], "county_public_safety": [[-1, "*"], [0, "county id"], [0, "name"], [0, "population"], [0, "police officers"], [0, "residents per officer"], [0, "case burden"], [0, "crime rate"], [0, "police force"], [0, "location"], [1, "city id"], [1, "county id"], [1, "name"], [1, "white"], [1, "black"], [1, "amerindian"], [1, "asian"], [1, "multiracial"], [1, "hispanic"]], "performance_attendance": [[-1, "*"], [0, "member id"], [0, "name"], [0, "nationality"], [0, "role"], [1, "performance id"], [1, "date"], [1, "host"], [1, "location"], [1, "attendance"], [2, "member id"], [2, "performance id"], [2, "num of pieces"]], "club_1": [[-1, "*"], [0, "student id"], [0, "last name"], [0, "first name"], [0, "age"], [0, "sex"], [0, "major"], [0, "advisor"], [0, "city code"], [1, "club id"], [1, "club name"], [1, "club description"], [1, "club location"], [2, "student id"], [2, "club id"], [2, "position"]], "singer": [[-1, "*"], [0, "singer id"], [0, "name"], [0, "birth year"], [0, "net worth millions"], [0, "citizenship"], [1, "song id"], [1, "title"], [1, "singer id"], [1, "sales"], [1, "highest position"]], "culture_company": [[-1, "*"], [0, "book club id"], [0, "year"], [0, "author or editor"], [0, "book title"], [0, "publisher"], [0, "category"], [0, "result"], [1, "movie id"], [1, "title"], [1, "year"], [1, "director"], [1, "budget million"], [1, "gross worldwide"], [2, "company name"], [2, "type"], [2, "incorporated in"], [2, "group equity shareholding"], [2, "book club id"], [2, "movie id"]], "cre_Doc_Template_Mgt": [[-1, "*"], [0, "template type code"], [0, "template type description"], [1, "template id"], [1, "version number"], [1, "template type code"], [1, "date effective from"], [1, "date effective to"], [1, "template details"], [2, "document id"], [2, "template id"], [2, "document name"], [2, "document description"], [2, "other details"], [3, "paragraph id"], [3, "document id"], [3, "paragraph text"], [3, "other details"]], "musical": [[-1, "*"], [0, "musical id"], [0, "name"], [0, "year"], [0, "award"], [0, "category"], [0, "nominee"], [0, "result"], [1, "actor id"], [1, "name"], [1, "musical id"], [1, "character"], [1, "duration"], [1, "age"]], "world_1": [[-1, "*"], [0, "id"], [0, "name"], [0, "country code"], [0, "district"], [0, "population"], [1, "name"], [1, "seq"], [2, "code"], [2, "name"], [2, "continent"], [2, "region"], [2, "surface area"], [2, "indepdent year"], [2, "population"], [2, "life expectancy"], [2, "gnp"], [2, "gnp old"], [2, "local name"], [2, "government form"], [2, "head of state"], [2, "capital"], [2, "code2"], [3, "countrycode"], [3, "language"], [3, "is official"], [3, "percentage"]], "device": [[-1, "*"], [0, "device id"], [0, "device"], [0, "carrier"], [0, "package version"], [0, "applications"], [0, "software platform"], [1, "shop id"], [1, "shop name"], [1, "location"], [1, "open date"], [1, "open year"], [2, "shop id"], [2, "device id"], [2, "quantity"]], "tracking_grants_for_research": [[-1, "*"], [0, "document type code"], [0, "document description"], [1, "document id"], [1, "document type code"], [1, "grant id"], [1, "sent date"], [1, "response received date"], [1, "other details"], [2, "grant id"], [2, "organisation id"], [2, "grant amount"], [2, "grant start date"], [2, "grant end date"], [2, "other details"], [3, "organisation type"], [3, "organisation type description"], [4, "organisation id"], [4, "organisation type"], [4, "organisation details"], [5, "project id"], [5, "outcome code"], [5, "outcome details"], [6, "staff id"], [6, "project id"], [6, "role code"], [6, "date from"], [6, "date to"], [6, "other details"], [7, "project id"], [7, "organisation id"], [7, "project details"], [8, "outcome code"], [8, "outcome description"], [9, "staff id"], [9, "employer organisation id"], [9, "staff details"], [10, "role code"], [10, "role description"], [11, "task id"], [11, "project id"], [11, "task details"], [11, "eg agree objectives"]], "employee_hire_evaluation": [[-1, "*"], [0, "employee id"], [0, "name"], [0, "age"], [0, "city"], [1, "shop id"], [1, "name"], [1, "location"], [1, "district"], [1, "number products"], [1, "manager name"], [2, "shop id"], [2, "employee id"], [2, "start from"], [2, "is full time"], [3, "employee id"], [3, "year awarded"], [3, "bonus"]], "movie_1": [[-1, "*"], [0, "movie id"], [0, "title"], [0, "year"], [0, "director"], [1, "reviewer id"], [1, "name"], [2, "reviewer id"], [2, "movie id"], [2, "rating stars"], [2, "rating date"]], "network_1": [[-1, "*"], [0, "id"], [0, "name"], [0, "grade"], [1, "student id"], [1, "friend id"], [2, "student id"], [2, "liked id"]], "poker_player": [[-1, "*"], [0, "poker player id"], [0, "people id"], [0, "final table made"], [0, "best finish"], [0, "money rank"], [0, "earnings"], [1, "people id"], [1, "nationality"], [1, "name"], [1, "birth date"], [1, "height"]], "program_share": [[-1, "*"], [0, "program id"], [0, "name"], [0, "origin"], [0, "launch"], [0, "owner"], [1, "channel id"], [1, "name"], [1, "owner"], [1, "share in percent"], [1, "rating in percent"], [2, "channel id"], [2, "program id"], [2, "time of day"], [3, "channel id"], [3, "program id"], [3, "date"], [3, "share in percent"]], "aircraft": [[-1, "*"], [0, "pilot id"], [0, "name"], [0, "age"], [1, "aircraft id"], [1, "aircraft"], [1, "description"], [1, "max gross weight"], [1, "total disk area"], [1, "max disk loading"], [2, "round"], [2, "location"], [2, "country"], [2, "date"], [2, "fastest qualifying"], [2, "winning pilot"], [2, "winning aircraft"], [3, "airport id"], [3, "airport name"], [3, "total passengers"], [3, "% change 2007"], [3, "international passengers"], [3, "domestic passengers"], [3, "transit passengers"], [3, "aircraft movements"], [3, "freight metric tonnes"], [4, "id"], [4, "airport id"], [4, "aircraft id"]], "restaurant_1": [[-1, "*"], [0, "student id"], [0, "last name"], [0, "first name"], [0, "age"], [0, "sex"], [0, "major"], [0, "advisor"], [0, "city code"], [1, "restaurant id"], [1, "restaurant name"], [1, "address"], [1, "rating"], [2, "restaurant id"], [2, "restaurant type id"], [3, "restaurant type id"], [3, "restaurant type name"], [3, "restaurant type description"], [4, "student id"], [4, "restaurant id"], [4, "time"], [4, "spent"]], "customers_and_invoices": [[-1, "*"], [0, "customer id"], [0, "customer first name"], [0, "customer middle initial"], [0, "customer last name"], [0, "gender"], [0, "email address"], [0, "login name"], [0, "login password"], [0, "phone number"], [0, "town city"], [0, "state county province"], [0, "country"], [1, "order id"], [1, "customer id"], [1, "date order placed"], [1, "order details"], [2, "invoice number"], [2, "order id"], [2, "invoice date"], [3, "account id"], [3, "customer id"], [3, "date account opened"], [3, "account name"], [3, "other account details"], [4, "production type code"], [4, "product type description"], [4, "vat rating"], [5, "product id"], [5, "parent product id"], [5, "production type code"], [5, "unit price"], [5, "product name"], [5, "product color"], [5, "product size"], [6, "transaction id"], [6, "account id"], [6, "invoice number"], [6, "transaction type"], [6, "transaction date"], [6, "transaction amount"], [6, "transaction comment"], [6, "other transaction details"], [7, "order item id"], [7, "order id"], [7, "product id"], [7, "product quantity"], [7, "other order item details"], [8, "order item id"], [8, "invoice number"], [8, "product id"], [8, "product title"], [8, "product quantity"], [8, "product price"], [8, "derived product cost"], [8, "derived vat payable"], [8, "derived total cost"]], "insurance_and_eClaims": [[-1, "*"], [0, "customer id"], [0, "customer details"], [1, "staff id"], [1, "staff details"], [2, "policy id"], [2, "customer id"], [2, "policy type code"], [2, "start date"], [2, "end date"], [3, "claim header id"], [3, "claim status code"], [3, "claim type code"], [3, "policy id"], [3, "date of claim"], [3, "date of settlement"], [3, "amount claimed"], [3, "amount piad"], [4, "claim id"], [4, "document type code"], [4, "created by staff id"], [4, "created date"], [5, "claim stage id"], [5, "next claim stage id"], [5, "claim status name"], [5, "claim status description"], [6, "claim processing id"], [6, "claim id"], [6, "claim outcome code"], [6, "claim stage id"], [6, "staff id"]], "college_1": [[-1, "*"], [0, "class code"], [0, "course code"], [0, "class section"], [0, "class time"], [0, "class room"], [0, "professor employee number"], [1, "course code"], [1, "department code"], [1, "course description"], [1, "course credit"], [2, "department code"], [2, "department name"], [2, "school code"], [2, "employee number"], [2, "department address"], [2, "department extension"], [3, "employee number"], [3, "employee last name"], [3, "employee first name"], [3, "employee initial"], [3, "employee job code"], [3, "employee hire date"], [3, "employee date of birth"], [4, "class code"], [4, "student number"], [4, "enroll grade"], [5, "employee number"], [5, "department code"], [5, "professor office"], [5, "professor extension"], [5, "professor high degree"], [6, "student num"], [6, "student last name"], [6, "student first name"], [6, "student init"], [6, "student date of birth"], [6, "student class hours took"], [6, "student class"], [6, "student gpa"], [6, "student transfer"], [6, "department code"], [6, "student phone"], [6, "professor number"]], "local_govt_mdm": [[-1, "*"], [0, "master customer id"], [0, "cmi details"], [1, "cmi cross reference id"], [1, "master customer id"], [1, "source system code"], [2, "council tax id"], [2, "cmi cross reference id"], [3, "business rates id"], [3, "cmi cross reference id"], [4, "council tax id"], [4, "cmi cross ref id"], [5, "council tax id"], [5, "cmi cross reference id"], [6, "council tax id"], [6, "cmi cross reference id"], [7, "electoral register id"], [7, "cmi cross reference id"]], "book_2": [[-1, "*"], [0, "publication id"], [0, "book id"], [0, "publisher"], [0, "publication date"], [0, "price"], [1, "book id"], [1, "title"], [1, "issues"], [1, "writer"]], "hr_1": [[-1, "*"], [0, "region id"], [0, "region name"], [1, "country id"], [1, "country name"], [1, "region id"], [2, "department id"], [2, "department name"], [2, "manager id"], [2, "location id"], [3, "job id"], [3, "job title"], [3, "min salary"], [3, "max salary"], [4, "employee id"], [4, "first name"], [4, "last name"], [4, "email"], [4, "phone number"], [4, "hire date"], [4, "job id"], [4, "salary"], [4, "commission pct"], [4, "manager id"], [4, "department id"], [5, "employee id"], [5, "start date"], [5, "end date"], [5, "job id"], [5, "department id"], [6, "location id"], [6, "street address"], [6, "postal code"], [6, "city"], [6, "state province"], [6, "country id"]], "soccer_1": [[-1, "*"], [0, "id"], [0, "player fifa api id"], [0, "player api id"], [0, "date"], [0, "overall rating"], [0, "potential"], [0, "preferred foot"], [0, "attacking work rate"], [0, "defensive work rate"], [0, "crossing"], [0, "finishing"], [0, "heading accuracy"], [0, "short passing"], [0, "volleys"], [0, "dribbling"], [0, "curve"], [0, "free kick accuracy"], [0, "long passing"], [0, "ball control"], [0, "acceleration"], [0, "sprint speed"], [0, "agility"], [0, "reactions"], [0, "balance"], [0, "shot power"], [0, "jumping"], [0, "stamina"], [0, "strength"], [0, "long shots"], [0, "aggression"], [0, "interceptions"], [0, "positioning"], [0, "vision"], [0, "penalties"], [0, "marking"], [0, "standing tackle"], [0, "sliding tackle"], [0, "gk diving"], [0, "gk handling"], [0, "gk kicking"], [0, "gk positioning"], [0, "gk reflexes"], [1, "name"], [1, "seq"], [2, "id"], [2, "player api id"], [2, "player name"], [2, "player fifa api id"], [2, "birthday"], [2, "height"], [2, "weight"], [3, "id"], [3, "country id"], [3, "name"], [4, "id"], [4, "name"], [5, "id"], [5, "team api id"], [5, "team fifa api id"], [5, "team long name"], [5, "team short name"], [6, "id"], [6, "team fifa api id"], [6, "team api id"], [6, "date"], [6, "buildup play speed"], [6, "buildup play speed class"], [6, "buildup play dribbling"], [6, "buildup play dribbling class"], [6, "buildup play passing"], [6, "buildup play passing class"], [6, "buildup play positioning class"], [6, "chance creation passing"], [6, "chance creation passing class"], [6, "chance creation crossing"], [6, "chance creation crossing class"], [6, "chance creation shooting"], [6, "chance creation shooting class"], [6, "chance creation positioning class"], [6, "defence pressure"], [6, "defence pressure class"], [6, "defence aggression"], [6, "defence aggression class"], [6, "defence team width"], [6, "defence team width class"], [6, "defence defender line class"]], "sakila_1": [[-1, "*"], [0, "actor id"], [0, "first name"], [0, "last name"], [0, "last update"], [1, "address id"], [1, "address"], [1, "address2"], [1, "district"], [1, "city id"], [1, "postal code"], [1, "phone"], [1, "last update"], [2, "category id"], [2, "name"], [2, "last update"], [3, "city id"], [3, "city"], [3, "country id"], [3, "last update"], [4, "country id"], [4, "country"], [4, "last update"], [5, "customer id"], [5, "store id"], [5, "first name"], [5, "last name"], [5, "email"], [5, "address id"], [5, "active"], [5, "create date"], [5, "last update"], [6, "film id"], [6, "title"], [6, "description"], [6, "release year"], [6, "language id"], [6, "original language id"], [6, "rental duration"], [6, "rental rate"], [6, "length"], [6, "replacement cost"], [6, "rating"], [6, "special features"], [6, "last update"], [7, "actor id"], [7, "film id"], [7, "last update"], [8, "film id"], [8, "category id"], [8, "last update"], [9, "film id"], [9, "title"], [9, "description"], [10, "inventory id"], [10, "film id"], [10, "store id"], [10, "last update"], [11, "language id"], [11, "name"], [11, "last update"], [12, "payment id"], [12, "customer id"], [12, "staff id"], [12, "rental id"], [12, "amount"], [12, "payment date"], [12, "last update"], [13, "rental id"], [13, "rental date"], [13, "inventory id"], [13, "customer id"], [13, "return date"], [13, "staff id"], [13, "last update"], [14, "staff id"], [14, "first name"], [14, "last name"], [14, "address id"], [14, "picture"], [14, "email"], [14, "store id"], [14, "active"], [14, "username"], [14, "password"], [14, "last update"], [15, "store id"], [15, "manager staff id"], [15, "address id"], [15, "last update"]], "real_estate_properties": [[-1, "*"], [0, "feature type code"], [0, "feature type name"], [1, "property type code"], [1, "property type description"], [2, "feature id"], [2, "feature type code"], [2, "feature name"], [2, "feature description"], [3, "property id"], [3, "property type code"], [3, "date on market"], [3, "date sold"], [3, "property name"], [3, "property address"], [3, "room count"], [3, "vendor requested price"], [3, "buyer offered price"], [3, "agreed selling price"], [3, "apt feature 1"], [3, "apt feature 2"], [3, "apt feature 3"], [3, "fld feature 1"], [3, "fld feature 2"], [3, "fld feature 3"], [3, "hse feature 1"], [3, "hse feature 2"], [3, "hse feature 3"], [3, "oth feature 1"], [3, "oth feature 2"], [3, "oth feature 3"], [3, "shp feature 1"], [3, "shp feature 2"], [3, "shp feature 3"], [3, "other property details"], [4, "property id"], [4, "feature id"], [4, "property feature description"]], "college_3": [[-1, "*"], [0, "student id"], [0, "last name"], [0, "first name"], [0, "age"], [0, "sex"], [0, "major"], [0, "advisor"], [0, "city code"], [1, "faculty id"], [1, "last name"], [1, "first name"], [1, "rank"], [1, "sex"], [1, "phone"], [1, "room"], [1, "building"], [2, "department number"], [2, "division"], [2, "department name"], [2, "room"], [2, "building"], [2, "department phone"], [3, "faculty id"], [3, "department number"], [3, "appt type"], [4, "course id"], [4, "course name"], [4, "credits"], [4, "instructor"], [4, "days"], [4, "hours"], [4, "department number"], [5, "student id"], [5, "department number"], [6, "student id"], [6, "course id"], [6, "grade"], [7, "letter grade"], [7, "grade point"]], "course_teach": [[-1, "*"], [0, "course id"], [0, "staring date"], [0, "course"], [1, "teacher id"], [1, "name"], [1, "age"], [1, "hometown"], [2, "course id"], [2, "teacher id"], [2, "grade"]], "roller_coaster": [[-1, "*"], [0, "roller coaster id"], [0, "name"], [0, "park"], [0, "country id"], [0, "length"], [0, "height"], [0, "speed"], [0, "opened"], [0, "status"], [1, "country id"], [1, "name"], [1, "population"], [1, "area"], [1, "languages"]], "customer_deliveries": [[-1, "*"], [0, "product id"], [0, "product name"], [0, "product price"], [0, "product description"], [1, "address id"], [1, "address details"], [1, "city"], [1, "zip postcode"], [1, "state province county"], [1, "country"], [2, "customer id"], [2, "payment method"], [2, "customer name"], [2, "customer phone"], [2, "customer email"], [2, "date became customer"], [3, "regular order id"], [3, "distributer id"], [4, "regular order id"], [4, "product id"], [5, "actual order id"], [5, "order status code"], [5, "regular order id"], [5, "actual order date"], [6, "actual order id"], [6, "product id"], [7, "customer id"], [7, "address id"], [7, "date from"], [7, "address type"], [7, "date to"], [8, "route id"], [8, "route name"], [8, "other route details"], [9, "location code"], [9, "route id"], [9, "location address id"], [9, "location name"], [10, "truck id"], [10, "truck licence number"], [10, "truck details"], [11, "employee id"], [11, "employee address id"], [11, "employee name"], [11, "employee phone"], [12, "location code"], [12, "actual order id"], [12, "delivery status code"], [12, "driver employee id"], [12, "truck id"], [12, "delivery date"]], "game_injury": [[-1, "*"], [0, "id"], [0, "name"], [0, "home games"], [0, "average attendance"], [0, "total attendance"], [0, "capacity percentage"], [1, "stadium id"], [1, "id"], [1, "season"], [1, "date"], [1, "home team"], [1, "away team"], [1, "score"], [1, "competition"], [2, "game id"], [2, "id"], [2, "player"], [2, "injury"], [2, "number of matches"], [2, "source"]], "school_finance": [[-1, "*"], [0, "school id"], [0, "school name"], [0, "location"], [0, "mascot"], [0, "enrollment"], [0, "ihsaa class"], [0, "ihsaa football class"], [0, "county"], [1, "school id"], [1, "year"], [1, "budgeted"], [1, "total budget percent budgeted"], [1, "invested"], [1, "total budget percent invested"], [1, "budget invested percent"], [2, "endowment id"], [2, "school id"], [2, "donator name"], [2, "amount"]], "scholar": [[-1, "*"], [0, "venue id"], [0, "venue name"], [1, "author id"], [1, "author name"], [2, "dataset id"], [2, "dataset name"], [3, "journal id"], [3, "journal name"], [4, "key phrase id"], [4, "key phrase name"], [5, "paper id"], [5, "title"], [5, "venue id"], [5, "year"], [5, "number citing"], [5, "number cited by"], [5, "journal id"], [6, "citing paper id"], [6, "cited paper id"], [7, "paper id"], [7, "dataset id"], [8, "paper id"], [8, "key phrase id"], [9, "paper id"], [9, "author id"]], "voter_1": [[-1, "*"], [0, "area code"], [0, "state"], [1, "contestant number"], [1, "contestant name"], [2, "vote id"], [2, "phone number"], [2, "state"], [2, "contestant number"], [2, "created"]], "match_season": [[-1, "*"], [0, "country id"], [0, "country name"], [0, "capital"], [0, "official native language"], [1, "team id"], [1, "name"], [2, "season"], [2, "player"], [2, "position"], [2, "country"], [2, "team"], [2, "draft pick number"], [2, "draft class"], [2, "college"], [3, "player id"], [3, "player"], [3, "years played"], [3, "total wl"], [3, "singles wl"], [3, "doubles wl"], [3, "team"]], "small_bank_1": [[-1, "*"], [0, "customer id"], [0, "name"], [1, "customer id"], [1, "balance"], [2, "customer id"], [2, "balance"]], "wta_1": [[-1, "*"], [0, "player id"], [0, "first name"], [0, "last name"], [0, "hand"], [0, "birth date"], [0, "country code"], [1, "best of"], [1, "draw size"], [1, "loser age"], [1, "loser entry"], [1, "loser hand"], [1, "loser ht"], [1, "loser id"], [1, "loser ioc"], [1, "loser name"], [1, "loser rank"], [1, "loser rank points"], [1, "loser seed"], [1, "match num"], [1, "minutes"], [1, "round"], [1, "score"], [1, "surface"], [1, "tourney date"], [1, "tourney id"], [1, "tourney level"], [1, "tourney name"], [1, "winner age"], [1, "winner entry"], [1, "winner hand"], [1, "winner ht"], [1, "winner id"], [1, "winner ioc"], [1, "winner name"], [1, "winner rank"], [1, "winner rank points"], [1, "winner seed"], [1, "year"], [2, "ranking date"], [2, "ranking"], [2, "player id"], [2, "ranking points"], [2, "tours"]], "yelp": [[-1, "*"], [0, "bid"], [0, "business id"], [0, "name"], [0, "full address"], [0, "city"], [0, "latitude"], [0, "longitude"], [0, "review count"], [0, "is open"], [0, "rating"], [0, "state"], [1, "id"], [1, "business id"], [1, "category name"], [2, "uid"], [2, "user id"], [2, "name"], [3, "cid"], [3, "business id"], [3, "count"], [3, "day"], [4, "id"], [4, "business id"], [4, "neighbourhood name"], [5, "rid"], [5, "business id"], [5, "user id"], [5, "rating"], [5, "text"], [5, "year"], [5, "month"], [6, "tip id"], [6, "business id"], [6, "text"], [6, "user id"], [6, "likes"], [6, "year"], [6, "month"]], "student_1": [[-1, "*"], [0, "last name"], [0, "first name"], [0, "grade"], [0, "class room"], [1, "last name"], [1, "first name"], [1, "class room"]], "manufacturer": [[-1, "*"], [0, "manufacturer id"], [0, "open year"], [0, "name"], [0, "num of factories"], [0, "num of shops"], [1, "furniture id"], [1, "name"], [1, "num of component"], [1, "market rate"], [2, "manufacturer id"], [2, "furniture id"], [2, "price in dollar"]], "store_1": [[-1, "*"], [0, "name"], [0, "seq"], [1, "id"], [1, "name"], [2, "id"], [2, "title"], [2, "artist id"], [3, "id"], [3, "last name"], [3, "first name"], [3, "title"], [3, "reports to"], [3, "birth date"], [3, "hire date"], [3, "address"], [3, "city"], [3, "state"], [3, "country"], [3, "postal code"], [3, "phone"], [3, "fax"], [3, "email"], [4, "id"], [4, "first name"], [4, "last name"], [4, "company"], [4, "address"], [4, "city"], [4, "state"], [4, "country"], [4, "postal code"], [4, "phone"], [4, "fax"], [4, "email"], [4, "support rep id"], [5, "id"], [5, "name"], [6, "id"], [6, "customer id"], [6, "invoice date"], [6, "billing address"], [6, "billing city"], [6, "billing state"], [6, "billing country"], [6, "billing postal code"], [6, "total"], [7, "id"], [7, "name"], [8, "id"], [8, "name"], [8, "album id"], [8, "media type id"], [8, "genre id"], [8, "composer"], [8, "milliseconds"], [8, "bytes"], [8, "unit price"], [9, "id"], [9, "invoice id"], [9, "track id"], [9, "unit price"], [9, "quantity"], [10, "id"], [10, "name"], [11, "playlist id"], [11, "track id"]], "train_station": [[-1, "*"], [0, "station id"], [0, "name"], [0, "annual entry exit"], [0, "annual interchanges"], [0, "total passengers"], [0, "location"], [0, "main services"], [0, "number of platforms"], [1, "train id"], [1, "name"], [1, "time"], [1, "service"], [2, "train id"], [2, "station id"]], "document_management": [[-1, "*"], [0, "role code"], [0, "role description"], [1, "user id"], [1, "role code"], [1, "user name"], [1, "user login"], [1, "password"], [2, "document structure code"], [2, "parent document structure code"], [2, "document structure description"], [3, "functional area code"], [3, "parent functional area code"], [3, "functional area description"], [4, "image id"], [4, "image alt text"], [4, "image name"], [4, "image url"], [5, "document code"], [5, "document structure code"], [5, "document type code"], [5, "access count"], [5, "document name"], [6, "document code"], [6, "functional area code"], [7, "section id"], [7, "document code"], [7, "section sequence"], [7, "section code"], [7, "section title"], [8, "section id"], [8, "image id"]], "formula_1": [[-1, "*"], [0, "circuit id"], [0, "circuit reference"], [0, "name"], [0, "location"], [0, "country"], [0, "latitude"], [0, "longitude"], [0, "altitude"], [0, "url"], [1, "race id"], [1, "year"], [1, "round"], [1, "circuit id"], [1, "name"], [1, "date"], [1, "time"], [1, "url"], [2, "driver id"], [2, "driver reference"], [2, "number"], [2, "code"], [2, "forename"], [2, "surname"], [2, "dob"], [2, "nationality"], [2, "url"], [3, "status id"], [3, "status"], [4, "year"], [4, "url"], [5, "constructor id"], [5, "constructor reference"], [5, "name"], [5, "nationality"], [5, "url"], [6, "constructor standings id"], [6, "race id"], [6, "constructor id"], [6, "points"], [6, "position"], [6, "position text"], [6, "wins"], [7, "result id"], [7, "race id"], [7, "driver id"], [7, "constructor id"], [7, "number"], [7, "grid"], [7, "position"], [7, "position text"], [7, "position order"], [7, "points"], [7, "laps"], [7, "time"], [7, "milliseconds"], [7, "fastest lap"], [7, "rank"], [7, "fastest lap time"], [7, "fastest lap speed"], [7, "status id"], [8, "driver standings id"], [8, "race id"], [8, "driver id"], [8, "points"], [8, "position"], [8, "position text"], [8, "wins"], [9, "constructor results id"], [9, "race id"], [9, "constructor id"], [9, "points"], [9, "status"], [10, "qualify id"], [10, "race id"], [10, "driver id"], [10, "constructor id"], [10, "number"], [10, "position"], [10, "q1"], [10, "q2"], [10, "q3"], [11, "race id"], [11, "driver id"], [11, "stop"], [11, "lap"], [11, "time"], [11, "duration"], [11, "milliseconds"], [12, "race id"], [12, "driver id"], [12, "lap"], [12, "position"], [12, "time"], [12, "milliseconds"]], "game_1": [[-1, "*"], [0, "student id"], [0, "last name"], [0, "first name"], [0, "age"], [0, "sex"], [0, "major"], [0, "advisor"], [0, "city code"], [1, "game id"], [1, "game name"], [1, "game type"], [2, "student id"], [2, "game id"], [2, "hours played"], [3, "student id"], [3, "sport name"], [3, "hours per week"], [3, "games played"], [3, "on scholarship"]], "loan_1": [[-1, "*"], [0, "branch id"], [0, "bname"], [0, "no of customers"], [0, "city"], [0, "state"], [1, "customer id"], [1, "customer name"], [1, "account type"], [1, "account balance"], [1, "number of loans"], [1, "credit score"], [1, "branch id"], [1, "state"], [2, "loan id"], [2, "loan type"], [2, "customer id"], [2, "branch id"], [2, "amount"]], "bike_1": [[-1, "*"], [0, "id"], [0, "name"], [0, "latitude"], [0, "longitude"], [0, "dock count"], [0, "city"], [0, "installation date"], [1, "station id"], [1, "bikes available"], [1, "docks available"], [1, "time"], [2, "id"], [2, "duration"], [2, "start date"], [2, "start station name"], [2, "start station id"], [2, "end date"], [2, "end station name"], [2, "end station id"], [2, "bike id"], [2, "subscription type"], [2, "zip code"], [3, "date"], [3, "max temperature f"], [3, "mean temperature f"], [3, "min temperature f"], [3, "max dew point f"], [3, "mean dew point f"], [3, "min dew point f"], [3, "max humidity"], [3, "mean humidity"], [3, "min humidity"], [3, "max sea level pressure inches"], [3, "mean sea level pressure inches"], [3, "min sea level pressure inches"], [3, "max visibility miles"], [3, "mean visibility miles"], [3, "min visibility miles"], [3, "max wind speed mph"], [3, "mean wind speed mph"], [3, "max gust speed mph"], [3, "precipitation inches"], [3, "cloud cover"], [3, "events"], [3, "wind dir degrees"], [3, "zip code"]], "entrepreneur": [[-1, "*"], [0, "entrepreneur id"], [0, "people id"], [0, "company"], [0, "money requested"], [0, "investor"], [1, "people id"], [1, "name"], [1, "height"], [1, "weight"], [1, "date of birth"]], "orchestra": [[-1, "*"], [0, "conductor id"], [0, "name"], [0, "age"], [0, "nationality"], [0, "year of work"], [1, "orchestra id"], [1, "orchestra"], [1, "conductor id"], [1, "record company"], [1, "year of founded"], [1, "major record format"], [2, "performance id"], [2, "orchestra id"], [2, "type"], [2, "date"], [2, "official ratings (millions)"], [2, "weekly rank"], [2, "share"], [3, "show id"], [3, "performance id"], [3, "if first show"], [3, "result"], [3, "attendance"]], "cre_Drama_Workshop_Groups": [[-1, "*"], [0, "payment method code"], [0, "payment method description"], [1, "service type code"], [1, "parent service type code"], [1, "service type description"], [2, "address id"], [2, "line 1"], [2, "line 2"], [2, "city town"], [2, "state county"], [2, "other details"], [3, "product id"], [3, "product name"], [3, "product price"], [3, "product description"], [3, "other product service details"], [4, "marketing region code"], [4, "marketing region name"], [4, "marketing region descriptrion"], [4, "other details"], [5, "client id"], [5, "address id"], [5, "customer email address"], [5, "customer name"], [5, "customer phone"], [5, "other details"], [6, "workshop group id"], [6, "address id"], [6, "currency code"], [6, "marketing region code"], [6, "store name"], [6, "store phone"], [6, "store email address"], [6, "other details"], [7, "performer id"], [7, "address id"], [7, "customer name"], [7, "customer phone"], [7, "customer email address"], [7, "other details"], [8, "customer id"], [8, "address id"], [8, "customer name"], [8, "customer phone"], [8, "customer email address"], [8, "other details"], [9, "store id"], [9, "address id"], [9, "marketing region code"], [9, "store name"], [9, "store phone"], [9, "store email address"], [9, "other details"], [10, "booking id"], [10, "customer id"], [10, "workshop group id"], [10, "status code"], [10, "store id"], [10, "order date"], [10, "planned delivery date"], [10, "actual delivery date"], [10, "other order details"], [11, "order id"], [11, "performer id"], [12, "order id"], [12, "customer id"], [12, "store id"], [12, "order date"], [12, "planned delivery date"], [12, "actual delivery date"], [12, "other order details"], [13, "order item id"], [13, "order id"], [13, "product id"], [13, "order quantity"], [13, "other item details"], [14, "invoice id"], [14, "order id"], [14, "payment method code"], [14, "product id"], [14, "order quantity"], [14, "other item details"], [14, "order item id"], [15, "service id"], [15, "service type code"], [15, "workshop group id"], [15, "product description"], [15, "product name"], [15, "product price"], [15, "other product service details"], [16, "order id"], [16, "product id"], [17, "invoice item id"], [17, "invoice id"], [17, "order id"], [17, "order item id"], [17, "product id"], [17, "order quantity"], [17, "other item details"]], "car_1": [[-1, "*"], [0, "cont id"], [0, "continent"], [1, "country id"], [1, "country name"], [1, "continent"], [2, "id"], [2, "maker"], [2, "full name"], [2, "country"], [3, "model id"], [3, "maker"], [3, "model"], [4, "make id"], [4, "model"], [4, "make"], [5, "id"], [5, "mpg"], [5, "cylinders"], [5, "edispl"], [5, "horsepower"], [5, "weight"], [5, "accelerate"], [5, "year"]], "geo": [[-1, "*"], [0, "state name"], [0, "population"], [0, "area"], [0, "country name"], [0, "capital"], [0, "density"], [1, "city name"], [1, "population"], [1, "country name"], [1, "state name"], [2, "state name"], [2, "border"], [3, "state name"], [3, "highest elevation"], [3, "lowest point"], [3, "highest point"], [3, "lowest elevation"], [4, "lake name"], [4, "area"], [4, "country name"], [4, "state name"], [5, "mountain name"], [5, "mountain altitude"], [5, "country name"], [5, "state name"], [6, "river name"], [6, "length"], [6, "country name"], [6, "traverse"]], "behavior_monitoring": [[-1, "*"], [0, "address type code"], [0, "address type description"], [1, "detention type code"], [1, "detention type description"], [2, "incident type code"], [2, "incident type description"], [3, "address id"], [3, "line 1"], [3, "line 2"], [3, "line 3"], [3, "city"], [3, "zip postcode"], [3, "state province county"], [3, "country"], [3, "other address details"], [4, "student id"], [4, "address id"], [4, "first name"], [4, "middle name"], [4, "last name"], [4, "cell mobile number"], [4, "email address"], [4, "date first rental"], [4, "date left university"], [4, "other student details"], [5, "teacher id"], [5, "address id"], [5, "first name"], [5, "middle name"], [5, "last name"], [5, "gender"], [5, "cell mobile number"], [5, "email address"], [5, "other details"], [6, "notes id"], [6, "student id"], [6, "teacher id"], [6, "date of notes"], [6, "text of notes"], [6, "other details"], [7, "incident id"], [7, "incident type code"], [7, "student id"], [7, "date incident start"], [7, "date incident end"], [7, "incident summary"], [7, "recommendations"], [7, "other details"], [8, "detention id"], [8, "detention type code"], [8, "teacher id"], [8, "datetime detention start"], [8, "datetime detention end"], [8, "detention summary"], [8, "other details"], [9, "student id"], [9, "address id"], [9, "date address from"], [9, "date address to"], [9, "monthly rental"], [9, "other details"], [10, "student id"], [10, "detention id"], [10, "incident id"]], "cre_Doc_Tracking_DB": [[-1, "*"], [0, "document type code"], [0, "document type name"], [0, "document type description"], [1, "calendar date"], [1, "day number"], [2, "location code"], [2, "location name"], [2, "location description"], [3, "role code"], [3, "role name"], [3, "role description"], [4, "document id"], [4, "date stored"], [4, "document type code"], [4, "document name"], [4, "document description"], [4, "other details"], [5, "employee id"], [5, "role code"], [5, "employee name"], [5, "gender mfu"], [5, "date of birth"], [5, "other details"], [6, "document id"], [6, "location code"], [6, "date in location from"], [6, "date in locaton to"], [7, "document id"], [7, "destruction authorised by employee id"], [7, "destroyed by employee id"], [7, "planned destruction date"], [7, "actual destruction date"], [7, "other details"]], "university_basketball": [[-1, "*"], [0, "team id"], [0, "school id"], [0, "team name"], [0, "acc regular season"], [0, "acc percent"], [0, "acc home"], [0, "acc road"], [0, "all games"], [0, "all games percent"], [0, "all home"], [0, "all road"], [0, "all neutral"], [1, "school id"], [1, "school"], [1, "location"], [1, "founded"], [1, "affiliation"], [1, "enrollment"], [1, "nickname"], [1, "primary conference"]], "soccer_2": [[-1, "*"], [0, "college name"], [0, "state"], [0, "enrollment"], [1, "player id"], [1, "player name"], [1, "yes card"], [1, "training hours"], [2, "player id"], [2, "college name"], [2, "player position"], [2, "decision"]], "activity_1": [[-1, "*"], [0, "activity id"], [0, "activity name"], [1, "student id"], [1, "activity id"], [2, "faculty id"], [2, "activity id"], [3, "student id"], [3, "last name"], [3, "first name"], [3, "age"], [3, "sex"], [3, "major"], [3, "advisor"], [3, "city code"], [4, "faculty id"], [4, "last name"], [4, "first name"], [4, "rank"], [4, "sex"], [4, "phone"], [4, "room"], [4, "building"]], "cre_Theme_park": [[-1, "*"], [0, "star rating code"], [0, "star rating description"], [1, "location id"], [1, "location name"], [1, "address"], [1, "other details"], [2, "attraction type code"], [2, "attraction type description"], [3, "tourist id"], [3, "tourist details"], [4, "feature id"], [4, "feature details"], [5, "hotel id"], [5, "star rating code"], [5, "pets allowed yn"], [5, "price range"], [5, "other hotel details"], [6, "tourist attraction id"], [6, "attraction type code"], [6, "location id"], [6, "how to get there"], [6, "name"], [6, "description"], [6, "opening hours"], [6, "other details"], [7, "market id"], [7, "market details"], [8, "shop id"], [8, "shop details"], [9, "museum id"], [9, "museum details"], [10, "royal family id"], [10, "royal family details"], [11, "theme park id"], [11, "theme park details"], [12, "visit id"], [12, "tourist attraction id"], [12, "tourist id"], [12, "visit date"], [12, "visit details"], [13, "photo id"], [13, "tourist attraction id"], [13, "name"], [13, "description"], [13, "filename"], [13, "other details"], [14, "staff id"], [14, "tourist attraction id"], [14, "name"], [14, "other details"], [15, "tourist attraction id"], [15, "feature id"]], "twitter_1": [[-1, "*"], [0, "user id"], [0, "follower id"], [1, "id"], [1, "user id"], [1, "text"], [1, "create date"], [2, "uid"], [2, "name"], [2, "email"], [2, "partition id"], [2, "followers"]], "election_representative": [[-1, "*"], [0, "election id"], [0, "representative id"], [0, "date"], [0, "votes"], [0, "vote percent"], [0, "seats"], [0, "place"], [1, "representative id"], [1, "name"], [1, "state"], [1, "party"], [1, "lifespan"]], "voter_2": [[-1, "*"], [0, "student id"], [0, "last name"], [0, "first name"], [0, "age"], [0, "sex"], [0, "major"], [0, "advisor"], [0, "city code"], [1, "student id"], [1, "registration date"], [1, "election cycle"], [1, "president vote"], [1, "vice president vote"], [1, "secretary vote"], [1, "treasurer vote"], [1, "class president vote"], [1, "class senator vote"]], "wedding": [[-1, "*"], [0, "people id"], [0, "name"], [0, "country"], [0, "is male"], [0, "age"], [1, "church id"], [1, "name"], [1, "organized by"], [1, "open date"], [1, "continuation of"], [2, "church id"], [2, "male id"], [2, "female id"], [2, "year"]], "news_report": [[-1, "*"], [0, "event id"], [0, "date"], [0, "venue"], [0, "name"], [0, "event attendance"], [1, "journalist id"], [1, "name"], [1, "nationality"], [1, "age"], [1, "years working"], [2, "journalist id"], [2, "event id"], [2, "work type"]], "wine_1": [[-1, "*"], [0, "id"], [0, "grape"], [0, "color"], [1, "no"], [1, "appelation"], [1, "county"], [1, "state"], [1, "area"], [1, "isava"], [2, "no"], [2, "grape"], [2, "winery"], [2, "appelation"], [2, "state"], [2, "name"], [2, "year"], [2, "price"], [2, "score"], [2, "cases"], [2, "drink"]], "customers_and_addresses": [[-1, "*"], [0, "address id"], [0, "address content"], [0, "city"], [0, "zip postcode"], [0, "state province county"], [0, "country"], [0, "other address details"], [1, "product id"], [1, "product details"], [2, "customer id"], [2, "payment method"], [2, "customer name"], [2, "date became customer"], [2, "other customer details"], [3, "customer id"], [3, "address id"], [3, "date address from"], [3, "address type"], [3, "date address to"], [4, "customer id"], [4, "channel code"], [4, "active from date"], [4, "active to date"], [4, "contact number"], [5, "order id"], [5, "customer id"], [5, "order status"], [5, "order date"], [5, "order details"], [6, "order id"], [6, "product id"], [6, "order quantity"]], "protein_institute": [[-1, "*"], [0, "building id"], [0, "name"], [0, "street address"], [0, "years as tallest"], [0, "height feet"], [0, "floors"], [1, "institution id"], [1, "institution"], [1, "location"], [1, "founded"], [1, "type"], [1, "enrollment"], [1, "team"], [1, "primary conference"], [1, "building id"], [2, "common name"], [2, "protein name"], [2, "divergence from human lineage"], [2, "accession number"], [2, "sequence length"], [2, "sequence identity to human protein"], [2, "institution id"]], "school_player": [[-1, "*"], [0, "school id"], [0, "school"], [0, "location"], [0, "enrollment"], [0, "founded"], [0, "denomination"], [0, "boys or girls"], [0, "day or boarding"], [0, "year entered competition"], [0, "school colors"], [1, "school id"], [1, "nickname"], [1, "colors"], [1, "league"], [1, "class"], [1, "division"], [2, "school id"], [2, "school year"], [2, "class a"], [2, "class aa"], [3, "player id"], [3, "player"], [3, "team"], [3, "age"], [3, "position"], [3, "school id"]], "phone_1": [[-1, "*"], [0, "model name"], [0, "launch year"], [0, "ram mib"], [0, "rom mib"], [0, "slots"], [0, "wifi"], [0, "bluetooth"], [1, "graphics mode"], [1, "char cells"], [1, "pixels"], [1, "hardware colours"], [1, "used kb"], [1, "map"], [1, "type"], [2, "company name"], [2, "hardware model name"], [2, "accreditation type"], [2, "accreditation level"], [2, "date"], [2, "chip model"], [2, "screen mode"]], "tvshow": [[-1, "*"], [0, "id"], [0, "series name"], [0, "country"], [0, "language"], [0, "content"], [0, "pixel aspect ratio par"], [0, "hight definition tv"], [0, "pay per view ppv"], [0, "package option"], [1, "id"], [1, "episode"], [1, "air date"], [1, "rating"], [1, "share"], [1, "18 49 rating share"], [1, "viewers m"], [1, "weekly rank"], [1, "channel"], [2, "id"], [2, "title"], [2, "directed by"], [2, "written by"], [2, "original air date"], [2, "production code"], [2, "channel"]], "wrestler": [[-1, "*"], [0, "wrestler id"], [0, "name"], [0, "reign"], [0, "days held"], [0, "location"], [0, "event"], [1, "elimination id"], [1, "wrestler id"], [1, "team"], [1, "eliminated by"], [1, "elimination move"], [1, "time"]], "customer_complaints": [[-1, "*"], [0, "staff id"], [0, "gender"], [0, "first name"], [0, "last name"], [0, "email address"], [0, "phone number"], [1, "customer id"], [1, "customer type code"], [1, "address line 1"], [1, "address line 2"], [1, "town city"], [1, "state"], [1, "email address"], [1, "phone number"], [2, "product id"], [2, "parent product id"], [2, "product category code"], [2, "date product first available"], [2, "date product discontinued"], [2, "product name"], [2, "product description"], [2, "product price"], [3, "complaint id"], [3, "product id"], [3, "customer id"], [3, "complaint outcome code"], [3, "complaint status code"], [3, "complaint type code"], [3, "date complaint raised"], [3, "date complaint closed"], [3, "staff id"]], "department_management": [[-1, "*"], [0, "department id"], [0, "name"], [0, "creation"], [0, "ranking"], [0, "budget in billions"], [0, "num employees"], [1, "head id"], [1, "name"], [1, "born state"], [1, "age"], [2, "department id"], [2, "head id"], [2, "temporary acting"]], "customers_and_products_contacts": [[-1, "*"], [0, "address id"], [0, "line 1 number building"], [0, "city"], [0, "zip postcode"], [0, "state province county"], [0, "country"], [1, "product id"], [1, "product type code"], [1, "product name"], [1, "product price"], [2, "customer id"], [2, "payment method code"], [2, "customer number"], [2, "customer name"], [2, "customer address"], [2, "customer phone"], [2, "customer email"], [3, "contact id"], [3, "customer id"], [3, "gender"], [3, "first name"], [3, "last name"], [3, "contact phone"], [4, "customer id"], [4, "address id"], [4, "date from"], [4, "date to"], [5, "order id"], [5, "customer id"], [5, "order date"], [5, "order status code"], [6, "order item id"], [6, "order id"], [6, "product id"], [6, "order quantity"]], "company_1": [[-1, "*"], [0, "employee ssn"], [0, "project number"], [0, "hours"], [1, "first name"], [1, "minit"], [1, "last name"], [1, "ssn"], [1, "birth date"], [1, "address"], [1, "sex"], [1, "salary"], [1, "super ssn"], [1, "department no"], [2, "department name"], [2, "department number"], [2, "manager ssn"], [2, "manager start date"], [3, "dependent name"], [3, "dependent number"], [3, "dependent location"], [3, "department number"], [4, "employee ssn"], [4, "dependent name"], [4, "sex"], [4, "birth date"], [4, "relationship"], [5, "department number"], [5, "department location"]], "workshop_paper": [[-1, "*"], [0, "workshop id"], [0, "date"], [0, "venue"], [0, "name"], [1, "submission id"], [1, "scores"], [1, "author"], [1, "college"], [2, "submission id"], [2, "workshop id"], [2, "result"]], "epinions_1": [[-1, "*"], [0, "item id"], [0, "title"], [1, "a id"], [1, "user id"], [1, "item id"], [1, "rating"], [1, "rank"], [2, "user id"], [2, "name"], [3, "source user id"], [3, "target user id"], [3, "trust"]], "party_host": [[-1, "*"], [0, "party id"], [0, "party theme"], [0, "location"], [0, "first year"], [0, "last year"], [0, "number of hosts"], [1, "host id"], [1, "name"], [1, "nationality"], [1, "age"], [2, "party id"], [2, "host id"], [2, "is main in charge"]], "product_catalog": [[-1, "*"], [0, "attribute id"], [0, "attribute name"], [0, "attribute data type"], [1, "catalog id"], [1, "catalog name"], [1, "catalog publisher"], [1, "date of publication"], [1, "date of latest revision"], [2, "catalog level number"], [2, "catalog id"], [2, "catalog level name"], [3, "catalog entry id"], [3, "catalog level number"], [3, "parent entry id"], [3, "previous entry id"], [3, "next entry id"], [3, "catalog entry name"], [3, "product stock number"], [3, "price in dollars"], [3, "price in euros"], [3, "price in pounds"], [3, "capacity"], [3, "length"], [3, "height"], [3, "width"], [4, "catalog entry id"], [4, "catalog level number"], [4, "attribute id"], [4, "attribute value"]], "muni_population": [[-1, "*"], [0, "population id"], [0, "year"], [0, "county"], [0, "amount"], [0, "genre"], [0, "age group"], [0, "type"]]}